period,period_type,historical_shift,important_topics,source_clusters,interpretation
2023-H2,prior-3-years,"Post-pandemic staffing moved from emergency vacancy to a durable workforce and quality debate.","nursing-home staffing shortages; burnout; behavioral-health workforce; rural access; care-at-home demand","CMS; HRSA; AHA; nursing; behavioral health",The field established that labor supply and care quality were linked, but responses focused on standards, recruitment, and crisis recovery.
2024-H1,prior-3-years,"Policy translated workforce concern into formal staffing and caregiver-support rules.","minimum staffing proposals; direct-care compensation; caregiver support; nursing-home quality; access reforms","CMS; AP; long-term-care media",The central conflict became quality accountability versus whether organizations could recruit enough people to meet standards.
2024-H2,prior-3-years,"Behavioral-health shortage and access problems became more visibly connected to Medicaid, crisis response, and provider maldistribution.","behavioral-health provider shortage; 988/crisis continuum; rural maldistribution; integrated care","HRSA; HHS OIG; NCSL; behavioral-health sources",The system narrative widened from therapy supply to a continuum requiring community, primary-care, and crisis coordination.
2025-H1,prior-3-years,"Workforce strain was reframed as an operating-model and administrative-burden problem.","primary-care burnout; documentation; prior authorization; care-model redesign; workforce pipelines","Commonwealth Fund; AHA; trade media; HR/ nursing creators",The important shift was from individual resilience toward work design, payer friction, and role redesign.
2025-H2,prior-3-years,"Financial and policy uncertainty made access preservation a central organizational narrative.","rural closures; CHC funding; Medicaid risk; 340B; service reductions; AI as capacity lever","NACHC; rural-health sources; KFF; hospital media",Funding became inseparable from recruitment, service availability, and local institutional survival.
2026-Q1,recent-6-months,"Organizations described workforce constraints as persistent capacity limits rather than a temporary post-COVID shock.","workforce scan; costs of caring; clinician retention; administrative burden; AI documentation","AHA; Mercer; hospital media; ASHHRA; nursing channels",The current language is structural: redesign systems and extend capacity, not simply hire harder.
2026-Q1,recent-6-months,"Community health centers tied funding continuity directly to workforce development, integrated behavioral health, technology, and new access points.","CHC funding; primary-care shortage; workforce wellness; integrated behavioral health; AI; rural transformation","NACHC; FQHC channels; rural sources",FQHC narratives combine mission, access, thin margins, and workforce infrastructure more explicitly than general hospital media.
2026-Q1,recent-6-months,"Rural care was framed as a reinforcing loop of closure, travel, workforce loss, and service reduction.","rural hospital closures; maternity and specialty loss; broadband; rural workforce pipelines","Commonwealth Fund; NRHA; RWHC; NACHC",A rural hypothesis needs a local service and role; generic national access language loses the mechanism.
2026-Q2,recent-6-months,"Prior authorization and denial reform became an active operational narrative with new deadlines but continuing skepticism.","72-hour/7-day rules; denials; appeals; patient delays; clinician burnout; interoperability","CMS; KFF; Commonwealth Fund; Becker's; MedCity",Administrative burden is unusually concrete and measurable, making it a better discovery wedge than generic burnout.
2026-Q2,recent-6-months,"CCBHC expansion elevated coordinated, low-barrier, crisis-capable behavioral care as an operating model.","CCBHC expansion; crisis services; care coordination; integrated primary care; quality reporting","SAMHSA; Medicaid; National Council; behavioral-health media",This is a high-relevance SEG-002 branch, but the model also increases coordination, staffing, and reporting demands.
2026-Q2,recent-6-months,"Home, hospice, and post-acute sources emphasized complexity, labor cost, retention, and oversight together.","hospice demand; complex patients; home-health enrollment moratoria; SNF staffing; discharge delays","Hospice News; CMS; HHCN; Skilled Nursing News; McKnight's",At-home and post-acute organizations are not simply smaller hospitals; their coordination, margin, and regulatory pain differs.
2026-Q2,recent-6-months,"AI became normalized as one response to capacity and documentation pressure, while governance and workflow fit remained unresolved.","ambient documentation; scheduling; decision support; telehealth; privacy; trust","AHA; NACHC; MedCity; Health Affairs; creators",The opportunity is not AI awareness; it is task-level evidence about whether a workflow improves capacity without adding burden.
