source_id,infl_id,source_url,source_kind,verification,observed_public_fact,accessed_date
SRC-007-001,INFL-001,https://www.beckershospitalreview.com/uncategorized/about-becker-s-hospital-review/,official about page,page-opened,Becker's describes hospital and health-system news for high-level leaders and provides workforce HR nursing and care-coordination sections,2026-07-15
SRC-007-002,INFL-002,https://www.beckershospitalreview.com/uncategorized/about-becker-s-hospital-review/,official editorial staff page,page-opened,The page names Molly Gamble as editor-in-chief/editorial leader for Becker's Hospital Review,2026-07-15
SRC-007-003,INFL-003,https://www.healthcaredive.com/about/,official about page,page-opened,Healthcare Dive describes journalism and newsletters covering health IT policy regulation value-based care and payer-provider partnerships,2026-07-15
SRC-007-004,INFL-004,https://www.fiercehealthcare.com/fiercehealthcarecom/about-us,official about page,page-opened,Fierce describes coverage at the intersection of healthcare business and policy across hospital practice management health IT and finance brands,2026-07-15
SRC-007-005,INFL-005,https://www.statnews.com/about/,official about page,page-opened,STAT describes journalism on health tech business hospitals insurance medicine science and public health with newsletters podcasts and events,2026-07-15
SRC-007-006,INFL-006,https://kffhealthnews.org/about-us,official about page,page-opened,KFF Health News describes a national newsroom covering how hospitals doctors nurses insurers governments and consumers experience the system,2026-07-15
SRC-007-007,INFL-007,https://medcitynews.com/about-us/,official about page,page-opened,MedCity describes healthcare innovation coverage for healthcare leaders and industry observers across technology policy and value-based care,2026-07-15
SRC-007-008,INFL-008,https://www.healthleadersmedia.com/about,official about page,page-opened,HealthLeaders describes content for hospital and health-system CEOs finance clinical and technology leaders,2026-07-15
SRC-007-009,INFL-009,https://www.chiefhealthcareexecutive.com/about,official about page,page-opened,Chief Healthcare Executive describes news features and analysis for leaders focused on patients staff and organizational performance,2026-07-15
SRC-007-010,INFL-010,https://www.aha.org/telling-the-hospital-story/workforce-podcasts,official series page,page-opened,AHA workforce podcasts cover hospital workforce strategies behavioral healthcare workplace violence nursing pipelines and health-system leaders,2026-07-15
SRC-007-011,INFL-011,https://trustees.aha.org/advancing-health-podcast,official podcast page,page-opened,AHA describes Advancing Health as conversations with hospital and health-system leaders and frontline staff about patients caregivers and communities,2026-07-15
SRC-007-012,INFL-012,https://health-affairs.org/about/,official about page,page-opened,Health Affairs describes a peer-reviewed health-policy forum reaching government health-industry leaders advocates scholars and health-policy readers,2026-07-15
SRC-007-013,INFL-013,https://www.nejmgroup.org/discover-our-products/lead/nejm-catalyst/,official product page,page-opened,NEJM Catalyst brings health-care executives clinical leaders and clinicians together around practical care-delivery improvement,2026-07-15
SRC-007-014,INFL-014,https://www.axios.com/authors/treed,official author page,search-snippet-only,Axios identifies Tina Reed as author of the daily Axios Vitals newsletter covering health-care politics policy and business,2026-07-15
SRC-007-015,INFL-015,https://behavioral-health-business.castos.com/,official podcast page,page-opened,Behavioral Health Business describes coverage of mental health substance use autism IDD eating disorders and more,2026-07-15
SRC-007-016,INFL-016,https://behavioral-health-business.castos.com/,official podcast/editor page,page-opened,The Perspectives page identifies Laura Lovett as BHB senior editor in episodes with behavioral-health operators,2026-07-15
SRC-007-017,INFL-017,https://psychiatryonline.org/pn/about,official about page,page-opened,Psychiatric News describes a media platform for psychiatrists physicians health professionals and the public with news podcasts newsletters and social channels,2026-07-15
SRC-007-018,INFL-018,https://psychiatryonline.org/ps/about,official journal/podcast page,page-opened,Psychiatric Services describes interdisciplinary research on community-based treatment collaborative care and mental-health service delivery,2026-07-15
SRC-007-019,INFL-019,https://www.thenationalcouncil.org/the-state-of-mental-wellbeing/,official podcast page,page-opened,National Council podcast features leaders practitioners and advocates working to strengthen community mental wellbeing and CCBHCs,2026-07-15
SRC-007-020,INFL-020,https://www.triadhq.com/about,official about page,page-opened,Triad describes Behavioral Health Today as a weekly clinical-perspective podcast with a 225K-plus professional community,2026-07-15
SRC-007-021,INFL-021,https://www.turnbhs.org/news/turn-behavioral-health-services-launches-new-podcast-the-behavioral-health-brief/,official announcement,page-opened,TURN says its Behavioral Health Brief targets behavioral-health professionals community leaders philanthropists and advocates,2026-07-15
SRC-007-022,INFL-022,https://podcasts.apple.com/us/podcast/the-horizon-line-stories-and-insights-into-mental/id1809835191,public show page,search-snippet-only,The Horizon Line describes episodes on prevention addiction recovery crisis services trauma-informed care and community mental-health resources,2026-07-15
SRC-007-023,INFL-023,https://www.nachc.org/newsroom/nachc-newsroom/,official newsroom page,page-opened,NACHC describes its newsroom as a resource for journalists and people interested in community health centers and affordable primary care,2026-07-15
SRC-007-024,INFL-024,https://www.fqhc.org/blog?category=Podcast,official blog/podcast page,page-opened,FQHC Associates content discusses FQHC leadership challenges financial sustainability and workforce strategy,2026-07-15
SRC-007-025,INFL-025,https://www.chcpodcast.com/,official podcast page,page-opened,The Community Health Center Podcast provides a platform for community health centers to discuss current trends including workforce development,2026-07-15
SRC-007-026,INFL-026,https://www.ruralhealth.us/publications/nrha-newsletters,official newsletter page,page-opened,NRHA describes Rural Roundup and NRHA Today as recurring newsletters for rural-health stakeholders and professionals,2026-07-15
SRC-007-027,INFL-027,https://www.rwhc.com/News/Eye-on-Health-Newsletter,official newsletter page,page-opened,RWHC publishes Eye on Health with rural-health leadership and community-care topics,2026-07-15
SRC-007-028,INFL-028,https://homehealthcarenews.com/podcast/,official podcast page,page-opened,Home Health Care News publishes Disrupt episodes on home-health labor operations policy technology and provider strategy,2026-07-15
SRC-007-029,INFL-029,https://podcasts.apple.com/us/podcast/disrupt/id1001289179,public show page,page-opened,Disrupt is described as Home Health Care News's podcast about individuals making a difference in home health,2026-07-15
SRC-007-030,INFL-030,https://hospicenews.com/about/,official about page,page-opened,Hospice News describes independent coverage of hospice and palliative care for large national and independent care companies,2026-07-15
SRC-007-031,INFL-031,https://hospicenews.com/category/editorial-commentary/,official editorial page,page-opened,Hospice News identifies Jim Parker as senior editor and Inside Hospice creator covering industry trends and thought leadership,2026-07-15
SRC-007-032,INFL-032,https://skillednursingnews.com/category/featured/,official publication page,page-opened,Skilled Nursing News features skilled-nursing operators clinical leaders post-acute partnerships and care-delivery issues,2026-07-15
SRC-007-033,INFL-033,https://www.mcknights.com/partnercontent/,official publication page,page-opened,McKnight's content addresses long-term-care facility leaders staffing shortages operations and care models,2026-07-15
SRC-007-034,INFL-034,https://www.hospicepalliativecaretoday.com/about-us,official about page,page-opened,Hospice and Palliative Care Today describes a newsletter lineage serving hospice and palliative-care leaders and advocates,2026-07-15
SRC-007-035,INFL-035,https://ashhrapodcast.buzzsprout.com/,official podcast page,page-opened,ASHHRA podcast covers healthcare workforce talent shortages leadership burnout HR strategy labor relations and policy,2026-07-15
SRC-007-036,INFL-036,https://www.aacn.org/education/podcast-series/voices-in-nursing,official podcast page,search-snippet-only,AACN Voices in Nursing is an association podcast with a nurse content strategist and nursing audience,2026-07-15
SRC-007-037,INFL-037,https://nursing.jnj.com/see-you-now-podcast,official podcast page,page-opened,SEE YOU NOW is made with the ANA and covers nurses in labor and delivery infectious disease hospice politics business and technology,2026-07-15
SRC-007-038,INFL-038,https://thenocturnists.org/about,official about page,page-opened,The Nocturnists describes an independent medical storytelling program founded by physician Emily Silverman to amplify healthcare-worker voices,2026-07-15
SRC-007-039,INFL-039,https://www.nursinguncensored.com/,official about page,page-opened,Nursing Uncensored describes a nurse-created podcast and blog designed to empower educate and validate nurses' frontline experiences,2026-07-15
SRC-007-040,INFL-040,https://www.donteatyouryoung.com/,official show page,page-opened,Don't Eat Your Young describes a podcast for nurses and the healthcare community offering support around burnout,2026-07-15
SRC-007-041,INFL-041,https://www.shiftnursing.com/about/,official about page,page-opened,SHIFT lists burnout mental health health equity nurse life and PTSD among its nursing content themes,2026-07-15
SRC-007-042,INFL-042,https://www.nurseblake.com/pages/about,official creator about page,page-opened,Nurse Blake describes a former surgical ICU nurse creator with more than four million followers and more than 300 million views,2026-07-15
SRC-007-043,INFL-043,https://katimorton.com/about,official creator about page,page-opened,Kati Morton describes a licensed therapist and YouTube channel with more than 1.5 million subscribers and 170 million views,2026-07-15
SRC-007-044,INFL-044,https://markspsychiatry.com/about-dr-marks/,official creator about page,search-snippet-only,Official search result identifies Dr Tracey Marks as a psychiatrist with an official mental-health education YouTube channel,2026-07-15
SRC-007-045,INFL-045,https://www.whatsanyamind.com/,official creator about page,page-opened,Steph Anya describes a licensed marriage and family therapist and content creator with a public YouTube audience,2026-07-15
SRC-007-046,INFL-046,https://www.manickathomas.com/aboutme,official creator about page,page-opened,Manicka Thomas describes a social-work content creator using YouTube to help social workers build competence and confidence,2026-07-15
SRC-007-047,INFL-047,https://www.whowhatwear.com/living/career/second-life-podcast-jen-hamilton,third-party profile,search-snippet-only,Profile describes Jen Hamilton as a frontline nurse and creator with a reported audience of more than six million across social platforms,2026-07-15
SRC-007-048,INFL-048,https://podcasts.apple.com/us/podcast/nurses-its-not-burnout-its-trauma/id1882466789,public show page,page-opened,Lorre Laws describes a nurse neuroscientist podcast focused on nurse trauma burnout and healthcare-worker wellbeing,2026-07-15
SRC-007-049,INFL-049,https://noviceisthenewnurse.com/,official creator/blog page,page-opened,Novice Is the New Nurse describes a registered nurse author content creator blogger and nursing influencer focused on wellness and self-care,2026-07-15
SRC-007-050,INFL-050,https://www.healthworkersblog.com/about/,official about page,page-opened,HealthWorkersBlog describes practical policy clinical career and frontline content for an informed connected healthcare workforce,2026-07-15
